{"cameraMode":{"drawMode":0,"name":"Shaded","section":"Shading Mode"},"sceneLighting":false,"audioPlay":false,"sceneViewState":{"m_AlwaysRefresh":false,"showFog":true,"showSkybox":true,"showFlares":true,"showImageEffects":true,"showParticleSystems":true,"showVisualEffectGraphs":true,"m_FxEnabled":true},"in2DMode":false,"pivot":{"x":290.9791259765625,"y":50.424625396728519,"z":428.89666748046877},"rotation":{"x":0.1315961629152298,"y":-0.06982986629009247,"z":0.009293544106185437,"w":0.9887967109680176},"size":97.41011810302735,"orthographic":false}