{"cameraMode":{"drawMode":0,"name":"Shaded","section":"Shading Mode"},"sceneLighting":false,"audioPlay":false,"sceneViewState":{"m_AlwaysRefresh":false,"showFog":true,"showSkybox":true,"showFlares":true,"showImageEffects":true,"showParticleSystems":true,"showVisualEffectGraphs":true,"m_FxEnabled":true},"in2DMode":false,"pivot":{"x":489.6435241699219,"y":6.585904121398926,"z":443.78765869140627},"rotation":{"x":0.16769154369831086,"y":0.19467420876026154,"z":-0.03380142152309418,"w":0.9658393263816834},"size":25.03896141052246,"orthographic":false}