{"cameraMode":{"drawMode":0,"name":"Shaded","section":"Shading Mode"},"sceneLighting":false,"audioPlay":false,"sceneViewState":{"m_AlwaysRefresh":false,"showFog":true,"showSkybox":true,"showFlares":true,"showImageEffects":true,"showParticleSystems":true,"showVisualEffectGraphs":true,"m_FxEnabled":true},"in2DMode":false,"pivot":{"x":53.599998474121097,"y":103.83599853515625,"z":141.38999938964845},"rotation":{"x":-0.0044463318772614,"y":0.8220797181129456,"z":-0.006420258432626724,"w":-0.5693197250366211},"size":2.1531214714050295,"orthographic":false}