{"cameraMode":{"drawMode":0,"name":"Shaded","section":"Shading Mode"},"sceneLighting":false,"audioPlay":false,"sceneViewState":{"m_AlwaysRefresh":false,"showFog":true,"showSkybox":true,"showFlares":true,"showImageEffects":true,"showParticleSystems":true,"showVisualEffectGraphs":true,"m_FxEnabled":true},"in2DMode":false,"pivot":{"x":467.0081787109375,"y":19.090429306030275,"z":404.3861083984375},"rotation":{"x":0.16769154369831086,"y":0.19467420876026154,"z":-0.03380142152309418,"w":0.9658393263816834},"size":1.323017954826355,"orthographic":false}