{"cameraMode":{"drawMode":0,"name":"Shaded","section":"Shading Mode"},"sceneLighting":false,"audioPlay":false,"sceneViewState":{"m_AlwaysRefresh":false,"showFog":true,"showSkybox":true,"showFlares":true,"showImageEffects":true,"showParticleSystems":true,"showVisualEffectGraphs":true,"m_FxEnabled":true},"in2DMode":false,"pivot":{"x":488.6462707519531,"y":16.390411376953126,"z":402.70782470703127},"rotation":{"x":0.12187735736370087,"y":0.8724881410598755,"z":-0.3833771049976349,"w":0.2773679196834564},"size":15.294302940368653,"orthographic":false}